id,name,description,details
SYM-001,Intent is obvious,A reader can understand what this unit is for without reverse engineering the whole surrounding system.,"This asks whether the purpose of the unit is apparent from its shape, naming, and placement. A reader should be able to answer what problem it solves, what role it plays, and roughly where to look next without reconstructing hidden intent from implementation detail. In review, this is about how much interpretation work the reader must do before they can trust what the code is trying to accomplish. Strong signals are names, structure, and local flow that let another engineer build a correct mental model quickly. Weak signals are vague labels, mixed levels of abstraction, hidden assumptions, or a need to chase many references before the unit makes sense. The educational point is that readability is not cosmetic; it is what makes future change, debugging, and review safe. For this specific symptom, the reviewer should ask whether the change makes 'Intent is obvious' easier to see and rely on, or whether it makes the surrounding code more ambiguous. A good detail line here should help a future reviewer explain not only what this symptom means, but also why its absence raises maintenance cost, defect risk, or review uncertainty."
SYM-002,Names are domain-specific and precise,Names use the language of the domain and distinguish meaning clearly enough that readers do not have to infer intent from surrounding context.,"Good naming carries both familiarity and precision. The best names use the vocabulary that the surrounding domain, tests, and documentation already use, while also being specific enough to distinguish one idea, responsibility, or state from another. Review is not only about whether a name sounds reasonable in isolation, but whether it reduces interpretation work for the next reader.

Strong signs include names that map cleanly to business concepts, technical concepts, or established system terms; names that make different responsibilities visibly different; and identifiers that remain clear even when read away from the call site. Weak signs include generic placeholders such as manager, data, process, handle, util, or thing-like labels that hide what the code actually represents; names that depend heavily on comments to become understandable; and parallel terms that appear to mean the same thing or the same term reused for different meanings.

This symptom matters because names are part of the interface of every unit, even when the code is private. Imprecise or non-domain naming increases review friction, makes change risk harder to see, and encourages incorrect assumptions to spread. Maintainable code tends to let a reader predict behavior from names before reading the implementation. When this symptom is weak, the code becomes harder to search, harder to discuss, and easier to misuse."
SYM-003,Concepts have explicit types,"Important domain concepts are represented explicitly rather than being flattened into vague primitives, strings, flags, and maps.","When a concept matters to correctness, readability, or change safety, it usually deserves an explicit type or structured representation. This makes invariants visible, reduces misuse, and keeps domain rules from leaking into scattered primitive checks. In review, this is about how much interpretation work the reader must do before they can trust what the code is trying to accomplish. Strong signals are names, structure, and local flow that let another engineer build a correct mental model quickly. Weak signals are vague labels, mixed levels of abstraction, hidden assumptions, or a need to chase many references before the unit makes sense. The educational point is that readability is not cosmetic; it is what makes future change, debugging, and review safe. For this specific symptom, the reviewer should ask whether the change makes 'Concepts have explicit types' easier to see and rely on, or whether it makes the surrounding code more ambiguous. A good detail line here should help a future reviewer explain not only what this symptom means, but also why its absence raises maintenance cost, defect risk, or review uncertainty."
SYM-004,Related things live together,"Logic, data, and rules that belong together are not scattered across distant files or layers.","High maintainability depends on proximity of related behavior, rules, and data. When logic that changes together is split across many places, readers lose context and changes start missing one of the required touch points. In review, this is about how much interpretation work the reader must do before they can trust what the code is trying to accomplish. Strong signals are names, structure, and local flow that let another engineer build a correct mental model quickly. Weak signals are vague labels, mixed levels of abstraction, hidden assumptions, or a need to chase many references before the unit makes sense. The educational point is that readability is not cosmetic; it is what makes future change, debugging, and review safe. For this specific symptom, the reviewer should ask whether the change makes 'Related things live together' easier to see and rely on, or whether it makes the surrounding code more ambiguous. A good detail line here should help a future reviewer explain not only what this symptom means, but also why its absence raises maintenance cost, defect risk, or review uncertainty."
SYM-005,Levels of abstraction are aligned,"A unit of code operates at one conceptual level at a time instead of mixing policy, orchestration, formatting, and low-level detail.","A unit should operate at a coherent conceptual altitude. Mixing business policy with formatting, transport, persistence, or framework plumbing forces the reader to reason across multiple layers at once and makes future extraction harder. In review, this is about how much interpretation work the reader must do before they can trust what the code is trying to accomplish. Strong signals are names, structure, and local flow that let another engineer build a correct mental model quickly. Weak signals are vague labels, mixed levels of abstraction, hidden assumptions, or a need to chase many references before the unit makes sense. The educational point is that readability is not cosmetic; it is what makes future change, debugging, and review safe. For this specific symptom, the reviewer should ask whether the change makes 'Levels of abstraction are aligned' easier to see and rely on, or whether it makes the surrounding code more ambiguous. A good detail line here should help a future reviewer explain not only what this symptom means, but also why its absence raises maintenance cost, defect risk, or review uncertainty."
SYM-006,Public contracts are documented,"Public or easy-to-misuse interfaces explain their guarantees, constraints, error cases, side effects, and expected usage.","Some interfaces can be misused even when their code is clean. For those, documentation should explain constraints, error modes, side effects, ordering assumptions, and any subtle contract points that are not obvious from the type signature alone. In review, this is about how much interpretation work the reader must do before they can trust what the code is trying to accomplish. Strong signals are names, structure, and local flow that let another engineer build a correct mental model quickly. Weak signals are vague labels, mixed levels of abstraction, hidden assumptions, or a need to chase many references before the unit makes sense. The educational point is that readability is not cosmetic; it is what makes future change, debugging, and review safe. For this specific symptom, the reviewer should ask whether the change makes 'Public contracts are documented' easier to see and rely on, or whether it makes the surrounding code more ambiguous. A good detail line here should help a future reviewer explain not only what this symptom means, but also why its absence raises maintenance cost, defect risk, or review uncertainty."
SYM-007,Comments explain why,"Comments justify intent, tradeoffs, or non-obvious constraints rather than narrating what the code already says.","Useful comments preserve intent that the code itself cannot show, such as why a tradeoff exists, what external constraint shaped the solution, or which assumption must remain true. They should not duplicate the visible control flow. In review, this is about how much interpretation work the reader must do before they can trust what the code is trying to accomplish. Strong signals are names, structure, and local flow that let another engineer build a correct mental model quickly. Weak signals are vague labels, mixed levels of abstraction, hidden assumptions, or a need to chase many references before the unit makes sense. The educational point is that readability is not cosmetic; it is what makes future change, debugging, and review safe. For this specific symptom, the reviewer should ask whether the change makes 'Comments explain why' easier to see and rely on, or whether it makes the surrounding code more ambiguous. A good detail line here should help a future reviewer explain not only what this symptom means, but also why its absence raises maintenance cost, defect risk, or review uncertainty."
SYM-008,Code is easy to follow locally,Control flow and structure are linear and bounded enough that a reviewer can understand a unit without chasing large amounts of external context.,"Maintainable code should allow mostly local reasoning. A reader should be able to step through a function or unit in a forward pass, with limited jumping across helpers, conditions, and distant files just to understand the main path. The point is not that every piece of context disappears, but that the amount of hidden context stays small enough for the unit to remain intelligible on its own.

Strong signs include control flow that unfolds in a readable sequence; helpers that clarify rather than fragment the story; a unit whose purpose, assumptions, and main branches can be understood without loading half the codebase; and boundaries that keep relevant state and rules nearby. Weak signs include frequent mental backtracking, helper chains that obscure rather than clarify, behavior that only makes sense after discovering hidden state elsewhere, and units whose meaning depends on tribal knowledge or many distant conventions.

This symptom matters because local reasoning is one of the foundations of safe maintenance. If the reader cannot understand the unit in a bounded scope, review quality drops, debugging slows down, and small changes become risky. Code that reads linearly and can be reasoned about locally is easier to test, easier to refactor, and less likely to produce accidental breakage."
SYM-009,Function shape is cohesive and tractable,"A function has one clear job, stays small enough to understand as a whole, and takes a set of inputs that reflects its true responsibility.","A good function is cohesive in purpose, tractable in size, and honest about what it depends on. These properties reinforce each other. When a function truly has one job, its flow tends to stay compact enough to hold in working memory, and its parameters tend to reflect the minimum meaningful inputs for that responsibility rather than a grab bag of context.

Strong signs include a function whose name describes one responsibility, whose internal steps all serve that responsibility, whose size does not force the reader through multiple unrelated conceptual phases, and whose parameters reveal the data or collaborators the function genuinely needs. Weak signs include orchestration, validation, transformation, persistence, logging, and formatting all mixed together; long functions that scroll through several mental modes; parameter lists that are bloated, generic, or obviously shaped around caller convenience; and context objects passed only because the function has unclear boundaries.

This symptom matters because function shape is where maintainability is often won or lost. Overgrown or unfocused functions become hard to review, hard to test, and hard to change without collateral damage. A cohesive and bounded function makes intent visible, isolates reasons to change, and gives reviewers a realistic chance of understanding the whole unit rather than merely skimming fragments of it."
SYM-010,Side effects are visible,"A reader can tell whether a function mutates state, performs I/O, logs, throws, retries, or causes other external effects.","Good code makes side effects legible. The caller and reviewer should not have to discover by surprise that a function mutates shared state, performs network I O, logs, retries, or triggers other externally visible behavior. In review, this is about how much interpretation work the reader must do before they can trust what the code is trying to accomplish. Strong signals are names, structure, and local flow that let another engineer build a correct mental model quickly. Weak signals are vague labels, mixed levels of abstraction, hidden assumptions, or a need to chase many references before the unit makes sense. The educational point is that readability is not cosmetic; it is what makes future change, debugging, and review safe. For this specific symptom, the reviewer should ask whether the change makes 'Side effects are visible' easier to see and rely on, or whether it makes the surrounding code more ambiguous. A good detail line here should help a future reviewer explain not only what this symptom means, but also why its absence raises maintenance cost, defect risk, or review uncertainty."
SYM-011,Return values are meaningful,"Outputs communicate useful meaning rather than ambiguous booleans, magic values, or overloaded null semantics.","Return values should encode useful outcomes and failure states clearly. They should not force callers to remember sentinel values, overloaded null meanings, or fragile positional conventions. In review, this is about how much interpretation work the reader must do before they can trust what the code is trying to accomplish. Strong signals are names, structure, and local flow that let another engineer build a correct mental model quickly. Weak signals are vague labels, mixed levels of abstraction, hidden assumptions, or a need to chase many references before the unit makes sense. The educational point is that readability is not cosmetic; it is what makes future change, debugging, and review safe. For this specific symptom, the reviewer should ask whether the change makes 'Return values are meaningful' easier to see and rely on, or whether it makes the surrounding code more ambiguous. A good detail line here should help a future reviewer explain not only what this symptom means, but also why its absence raises maintenance cost, defect risk, or review uncertainty."
SYM-012,Hidden state is avoided,"A unit does not rely on ambient mutable state, invisible caches, implicit globals, or surprising external mutation.","Hidden state creates non-local behavior and makes debugging much harder. If correctness depends on caches, globals, ambient context, or invisible mutation, the reader loses the ability to reason from the code in front of them. In review, this is about how much interpretation work the reader must do before they can trust what the code is trying to accomplish. Strong signals are names, structure, and local flow that let another engineer build a correct mental model quickly. Weak signals are vague labels, mixed levels of abstraction, hidden assumptions, or a need to chase many references before the unit makes sense. The educational point is that readability is not cosmetic; it is what makes future change, debugging, and review safe. For this specific symptom, the reviewer should ask whether the change makes 'Hidden state is avoided' easier to see and rely on, or whether it makes the surrounding code more ambiguous. A good detail line here should help a future reviewer explain not only what this symptom means, but also why its absence raises maintenance cost, defect risk, or review uncertainty."
SYM-013,Mutation has a clear owner,"When state changes, the owner, lifecycle, and allowed transitions are obvious.","Mutable state is easier to trust when ownership and lifecycle are explicit. A reviewer should be able to tell who is allowed to change it, when it changes, and what states are valid. In review, this is about how much interpretation work the reader must do before they can trust what the code is trying to accomplish. Strong signals are names, structure, and local flow that let another engineer build a correct mental model quickly. Weak signals are vague labels, mixed levels of abstraction, hidden assumptions, or a need to chase many references before the unit makes sense. The educational point is that readability is not cosmetic; it is what makes future change, debugging, and review safe. For this specific symptom, the reviewer should ask whether the change makes 'Mutation has a clear owner' easier to see and rely on, or whether it makes the surrounding code more ambiguous. A good detail line here should help a future reviewer explain not only what this symptom means, but also why its absence raises maintenance cost, defect risk, or review uncertainty."
SYM-014,Invariants are protected,The code structure makes invalid states difficult or impossible to represent or persist.,"The design should help preserve truths the domain depends on. Good code uses types, constructors, validation, and encapsulation so that invalid combinations are blocked structurally instead of being remembered socially. In review, this is about how much interpretation work the reader must do before they can trust what the code is trying to accomplish. Strong signals are names, structure, and local flow that let another engineer build a correct mental model quickly. Weak signals are vague labels, mixed levels of abstraction, hidden assumptions, or a need to chase many references before the unit makes sense. The educational point is that readability is not cosmetic; it is what makes future change, debugging, and review safe. For this specific symptom, the reviewer should ask whether the change makes 'Invariants are protected' easier to see and rely on, or whether it makes the surrounding code more ambiguous. A good detail line here should help a future reviewer explain not only what this symptom means, but also why its absence raises maintenance cost, defect risk, or review uncertainty."
SYM-015,Untrusted or invalid input is stopped at the boundary,"External input is validated, normalized, sanitized, and rejected early enough that invalid or unsafe state does not spread through the system.","Systems should become stricter as data moves inward, not looser. The safest and most maintainable pattern is to validate and normalize external input at the boundary, apply any context-appropriate sanitization before it reaches sensitive destinations, and fail explicitly when input violates assumptions or cannot be trusted. This combines correctness and security into one review lens because both are about preventing bad state from spreading.

Strong signs include explicit boundary checks, parsing and normalization near entry points, destination-aware sanitization or escaping, and failures that make invalid assumptions visible instead of silently tolerating them. Weak signs include raw external values flowing deep into business logic, sanitization deferred until late or applied inconsistently, impossible states represented as ordinary values, and quiet continuation after invalid input in the hope that later code will cope.

This symptom matters because once malformed or unsafe input leaks into the trusted core, every downstream unit has to defend itself and reviewers lose confidence in system truth. Early boundary enforcement reduces bug surface, simplifies reasoning, and lowers security risk. The code becomes easier to review because the trusted and untrusted parts of the system are separated more clearly."
SYM-016,Error semantics are intentional and consistent,"Failures are surfaced in deliberate, diagnosable, and system-consistent ways, without silent semantic drift, swallowed exceptions, or arbitrary local error styles.","Error handling is part of the contract of a system, not cleanup logic added after the happy path. Good code makes it clear what can fail, how failure is represented, what degradation is acceptable, and what must be surfaced immediately. It also uses the same broad error vocabulary and handling style across similar situations so that callers and operators do not have to relearn failure semantics for each module.

Strong signs include explicit failure modes, consistent representation of similar errors, propagation or transformation that preserves meaning, and fallback behavior that either preserves semantics or clearly signals degradation. Weak signs include catch-all blocks that erase useful information, silent fallback paths that change what the system means, modules that mix exceptions, return codes, logs, and null-like sentinels arbitrarily, and error handling that leaves the system in an unclear state.

This symptom matters because many serious defects are not caused by the initial failure but by confusion about what the failure meant. Inconsistent or hidden error semantics make systems difficult to diagnose, difficult to integrate with safely, and easy to corrupt under stress. A reviewer should be able to see not only that failures are handled, but that they are handled truthfully and in line with the rest of the system."
SYM-017,Temporal coupling is explicit,"If operations must happen in a particular order, that requirement is encoded or enforced rather than socially remembered.","Whenever order matters, the code should make that dependency obvious through the API, control structure, transaction, or invariant. Requirements that exist only in comments or team memory are fragile. In review, this is about whether the code preserves truth under bad input, surprising state, and real failure conditions rather than only under ideal conditions. Strong signals are explicit contracts, visible failure behavior, and boundaries that stop invalid or unsafe state from spreading. Weak signals are silent fallback, ambiguous error handling, implicit ordering requirements, and cleanup that only works on the happy path. The educational point is that correctness depends as much on what happens when things go wrong as on what happens when they go right. For this specific symptom, the reviewer should ask whether the change makes 'Temporal coupling is explicit' easier to see and rely on, or whether it makes the surrounding code more ambiguous. A good detail line here should help a future reviewer explain not only what this symptom means, but also why its absence raises maintenance cost, defect risk, or review uncertainty."
SYM-018,Nondeterminism is controlled,"Time, randomness, concurrency, and network variability are explicit and testable rather than leaking unpredictably into logic.","Time, randomness, scheduling, and remote behavior introduce uncertainty. Good design isolates these influences behind explicit seams so logic remains understandable, testable, and less flaky. In review, this is about whether the code preserves truth under bad input, surprising state, and real failure conditions rather than only under ideal conditions. Strong signals are explicit contracts, visible failure behavior, and boundaries that stop invalid or unsafe state from spreading. Weak signals are silent fallback, ambiguous error handling, implicit ordering requirements, and cleanup that only works on the happy path. The educational point is that correctness depends as much on what happens when things go wrong as on what happens when they go right. For this specific symptom, the reviewer should ask whether the change makes 'Nondeterminism is controlled' easier to see and rely on, or whether it makes the surrounding code more ambiguous. A good detail line here should help a future reviewer explain not only what this symptom means, but also why its absence raises maintenance cost, defect risk, or review uncertainty."
SYM-019,Resource handling is complete,"Files, sockets, locks, transactions, and other resources are acquired and released correctly on both success and failure paths.","Resource safety covers acquisition, release, cleanup, and exceptional paths. A maintainable system makes it hard to leak file handles, connections, locks, transactions, or partial work when things go wrong. In review, this is about whether the code preserves truth under bad input, surprising state, and real failure conditions rather than only under ideal conditions. Strong signals are explicit contracts, visible failure behavior, and boundaries that stop invalid or unsafe state from spreading. Weak signals are silent fallback, ambiguous error handling, implicit ordering requirements, and cleanup that only works on the happy path. The educational point is that correctness depends as much on what happens when things go wrong as on what happens when they go right. For this specific symptom, the reviewer should ask whether the change makes 'Resource handling is complete' easier to see and rely on, or whether it makes the surrounding code more ambiguous. A good detail line here should help a future reviewer explain not only what this symptom means, but also why its absence raises maintenance cost, defect risk, or review uncertainty."
SYM-020,Complexity and control flow are justified,"The solution has no more abstraction, branching, indirection, or special-case handling than the problem actually requires.","Good design resists both needless cleverness and uncontrolled branching. A solution is maintainable when its complexity is proportional to the real problem, its abstractions are earned by repeated need, and its control flow is not dominated by one-off cases or cascades of conditions. These concerns belong together because each is a different way complexity grows faster than the requirement has earned.

Strong signs include a small number of moving parts, abstractions that remove real repetition or protect stable concepts, a main path that is easy to identify, and conditional logic that is structurally contained rather than scattered. Weak signs include speculative wrappers or interfaces, ceremony added for imagined future use, proliferating edge-case branches, deeply nested logic, interacting flags, and designs where understanding behavior means reconstructing a hidden exception model.

This symptom matters because excessive complexity compounds. It raises review cost, hides defects, makes tests harder to trust, and turns later changes into archaeology. Review should ask whether the structure is carrying real domain load or whether the code has accumulated indirection and branching that mostly serves itself."
SYM-021,Duplication is intentional or absent,"Repeated logic is either eliminated or clearly justified, rather than copied accidentally across the codebase.","Duplication is costly when the same rule can drift in several places. Some repetition is acceptable if it keeps boundaries clean, but accidental duplication of knowledge is a common source of inconsistent behavior. In review, this is about whether the solution has more moving parts than the requirement has earned. Strong signals are a small number of concepts, one obvious route through the logic, and abstractions that remove repeated cost instead of adding ceremony. Weak signals are speculative generalization, many special cases, flag-driven behavior, and repeated domain rules hiding inside primitive data. The educational point is that unnecessary complexity compounds maintenance cost and makes every later bug harder to isolate. For this specific symptom, the reviewer should ask whether the change makes 'Duplication is intentional or absent' easier to see and rely on, or whether it makes the surrounding code more ambiguous. A good detail line here should help a future reviewer explain not only what this symptom means, but also why its absence raises maintenance cost, defect risk, or review uncertainty."
SYM-022,Variation is localized,"When behavior varies, the points of variation are narrow and explicit rather than smeared through conditionals everywhere.","Variation should have an intentional home, such as a strategy, configuration seam, or small decision point. When variation is spread across many branches, the code becomes difficult to extend safely. In review, this is about whether the solution has more moving parts than the requirement has earned. Strong signals are a small number of concepts, one obvious route through the logic, and abstractions that remove repeated cost instead of adding ceremony. Weak signals are speculative generalization, many special cases, flag-driven behavior, and repeated domain rules hiding inside primitive data. The educational point is that unnecessary complexity compounds maintenance cost and makes every later bug harder to isolate. For this specific symptom, the reviewer should ask whether the change makes 'Variation is localized' easier to see and rely on, or whether it makes the surrounding code more ambiguous. A good detail line here should help a future reviewer explain not only what this symptom means, but also why its absence raises maintenance cost, defect risk, or review uncertainty."
SYM-023,Boolean blindness is avoided,Flags and ambiguous booleans are not used where richer types or named concepts would express intent better.,"Boolean blindness happens when a bare true or false carries too much unstated meaning. Named concepts, enums, richer types, or separate functions often communicate intent and valid combinations better. In review, this is about whether the solution has more moving parts than the requirement has earned. Strong signals are a small number of concepts, one obvious route through the logic, and abstractions that remove repeated cost instead of adding ceremony. Weak signals are speculative generalization, many special cases, flag-driven behavior, and repeated domain rules hiding inside primitive data. The educational point is that unnecessary complexity compounds maintenance cost and makes every later bug harder to isolate. For this specific symptom, the reviewer should ask whether the change makes 'Boolean blindness is avoided' easier to see and rely on, or whether it makes the surrounding code more ambiguous. A good detail line here should help a future reviewer explain not only what this symptom means, but also why its absence raises maintenance cost, defect risk, or review uncertainty."
SYM-024,Primitive obsession is avoided,Repeated low-level primitives do not stand in for richer domain concepts that deserve first-class representation.,"Primitive obsession keeps domain meaning out of the type system and inside scattered convention. Replacing raw strings, maps, and numbers with domain types makes intent clearer and invariants easier to enforce. In review, this is about whether the solution has more moving parts than the requirement has earned. Strong signals are a small number of concepts, one obvious route through the logic, and abstractions that remove repeated cost instead of adding ceremony. Weak signals are speculative generalization, many special cases, flag-driven behavior, and repeated domain rules hiding inside primitive data. The educational point is that unnecessary complexity compounds maintenance cost and makes every later bug harder to isolate. For this specific symptom, the reviewer should ask whether the change makes 'Primitive obsession is avoided' easier to see and rely on, or whether it makes the surrounding code more ambiguous. A good detail line here should help a future reviewer explain not only what this symptom means, but also why its absence raises maintenance cost, defect risk, or review uncertainty."
SYM-025,Data shape matches behavior,Data structures reflect access patterns and invariants instead of being generic containers that invite misuse.,"Data structures should fit the questions the code asks and the rules the data must obey. Poorly chosen shapes force callers to remember layout conventions or bolt rule checks on later. In review, this is about whether the solution has more moving parts than the requirement has earned. Strong signals are a small number of concepts, one obvious route through the logic, and abstractions that remove repeated cost instead of adding ceremony. Weak signals are speculative generalization, many special cases, flag-driven behavior, and repeated domain rules hiding inside primitive data. The educational point is that unnecessary complexity compounds maintenance cost and makes every later bug harder to isolate. For this specific symptom, the reviewer should ask whether the change makes 'Data shape matches behavior' easier to see and rely on, or whether it makes the surrounding code more ambiguous. A good detail line here should help a future reviewer explain not only what this symptom means, but also why its absence raises maintenance cost, defect risk, or review uncertainty."
SYM-026,Dependencies and module interactions are explicit and well-shaped,"Collaborators, dependency direction, coupling, cohesion, and interface shape work together so modules depend on the right things, for the right reasons, through narrow and comprehensible contracts.","Maintainable modular design is not created by any one property in isolation. Explicit dependencies, sane dependency direction, low coupling, high cohesion, and narrow interfaces reinforce each other and should be reviewed as one connected lens. A change can look clean locally while still damaging maintainability if it hides collaborators, lets high-level policy depend on low-level detail, spreads a responsibility across many places, or exposes a broad interface that gives other modules too much reach.

Strong signs include collaborators that are visible in constructors, parameters, or clearly declared module boundaries; dependencies that point inward toward stable policy rather than outward toward incidental framework or storage detail; modules whose internal elements change for related reasons; and interfaces that expose only the capabilities another module actually needs. Weak signs include service locator style lookups, broad context objects passed everywhere, reach-through access into another module's internals, helpers that know too much about distant subsystems, and interfaces that exist only to mirror implementation detail.

The point of this lens is to ask whether the codebase preserves separable responsibilities. When these properties hold together, change stays local, tests are easier to write, and readers can understand why one part of the system depends on another. When they fail, modules become sticky, edits spread unpredictably, and architecture degrades into a mesh of hidden assumptions. A reviewer using this symptom should judge whether the change makes dependencies and module interactions easier to see, safer to change, and harder to misuse."
SYM-027,Shared rules have a single owner,Core rules are defined in one authoritative place rather than being re-stated in multiple modules and tests.,"A rule should have one authoritative home. If the same decision logic is reimplemented in multiple places, bugs arise when one copy changes and another does not. In review, this is about changeability at module, boundary, and architectural level rather than only about local cleanliness. Strong signals are explicit dependencies, narrow interfaces, coherent module ownership, and boundaries that reflect real responsibilities in the system. Weak signals are reach-through access, policy mixed with mechanism, accidental framework-driven structure, and changes that would force broad unrelated edits. The educational point is that design quality shows up most clearly when requirements evolve or when one part of the system fails. For this specific symptom, the reviewer should ask whether the change makes 'Shared rules have a single owner' easier to see and rely on, or whether it makes the surrounding code more ambiguous. A good detail line here should help a future reviewer explain not only what this symptom means, but also why its absence raises maintenance cost, defect risk, or review uncertainty."
SYM-028,Boundaries and layers reflect real responsibilities,"Module boundaries, layering, boundary crossings, and separation of policy from mechanism are arranged so the structure of the system matches its real responsibilities instead of incidental technical detail.","A healthy structure makes it obvious where domain policy lives, where mechanism lives, and where important boundaries are crossed. Meaningful module boundaries, consistent layering, visible boundary crossings, and clear separation of policy from mechanism belong together because they all answer the same question: does the shape of the system help a reader understand responsibility, or does it force them to reverse engineer it from mixed concerns.

Strong signs include modules centered on genuine capabilities or lifecycle concerns, layers that are used consistently across similar features, explicit transitions when code crosses persistence, network, trust, or process boundaries, and business rules that are not buried inside transport adapters, ORM models, controllers, or framework plumbing. Weak signs include folder structures that look tidy but do not protect any real responsibility, layers that are followed in some places and ignored in others, hidden boundary crossings that make latency or trust shifts easy to miss, and code where business policy is inseparable from database, web, queue, or framework mechanics.

This symptom matters because structure is how large systems remain intelligible over time. If boundaries and layers reflect real responsibilities, reviewers can predict where new behavior belongs and how changes should travel through the system. If they do not, the codebase becomes harder to navigate, abstractions become ceremonial, and correctness starts depending on tribal memory. Review this lens by asking whether the change clarifies the system's responsibilities and boundary crossings or further entangles policy with implementation detail."
SYM-029,Framework does not own the design,The architecture is not merely a mirror of the chosen framework's defaults or constraints.,"A framework should support the architecture, not define it accidentally. Good code resists letting directory shape, annotations, or framework idioms become the only organizing principle of the system. In review, this is about changeability at module, boundary, and architectural level rather than only about local cleanliness. Strong signals are explicit dependencies, narrow interfaces, coherent module ownership, and boundaries that reflect real responsibilities in the system. Weak signals are reach-through access, policy mixed with mechanism, accidental framework-driven structure, and changes that would force broad unrelated edits. The educational point is that design quality shows up most clearly when requirements evolve or when one part of the system fails. For this specific symptom, the reviewer should ask whether the change makes 'Framework does not own the design' easier to see and rely on, or whether it makes the surrounding code more ambiguous. A good detail line here should help a future reviewer explain not only what this symptom means, but also why its absence raises maintenance cost, defect risk, or review uncertainty."
SYM-030,"Configuration is explicit, externalized, and validated","Environment-dependent behavior is configured outside core logic, read in controlled places, and checked early enough that the system does not run on broken assumptions.","Configuration is maintainable when it is both separate from domain logic and disciplined in how it enters the system. Values that vary by environment, deployment, tenant, or operating mode should not be hard-coded into the implementation. At the same time, configuration should not be read casually throughout the codebase. It should enter through controlled edges, be interpreted in a small number of places, and be validated before the system starts doing meaningful work.

Strong signs include configuration defined outside source, a clear composition or startup boundary where config is loaded, explicit mapping from raw settings to typed internal concepts, and early failure when required values are missing, malformed, or contradictory. Weak signs include environment lookups scattered through business code, magic defaults that hide misconfiguration, runtime surprises caused by late config parsing, and systems that continue half-broken because critical assumptions were never checked.

This symptom matters because configuration errors often look like logic errors in production. Externalizing, centralizing, and validating config reduces environmental drift, makes deployments safer, and keeps the trusted core of the system focused on business behavior rather than process state. It also gives reviewers a clear place to inspect how operating assumptions enter the code."
SYM-031,"Correctness under concurrency, transactions, and retries is explicit","The code makes ordering, atomicity, and safe re-entry understandable so concurrency, transaction handling, and repeated execution do not create hidden correctness risks.","Some of the hardest defects come from behavior that is only wrong when timing changes, retries happen, or multiple operations interleave. Concurrency model clarity, transaction boundary clarity, and idempotence all belong to one review lens because they describe whether the system remains correct when work does not happen exactly once in a simple straight line.

Strong signs include explicit ownership of shared mutable state, clear synchronization or scheduling assumptions, well-defined transaction boundaries around integrity-sensitive work, and operations that are intentionally safe or intentionally guarded when duplicate messages, retries, or repeated calls can occur. Weak signs include hidden races, ambiguous ordering requirements, transactions that are much wider or narrower than the invariants they are meant to protect, side effects that can be repeated accidentally, and code that works only if calls happen once and in a socially remembered sequence.

This symptom matters because many systems are retrying, asynchronous, distributed, or simply used by multiple actors at once. Review should therefore ask not only whether the happy path is correct, but whether the implementation stays correct when execution overlaps, partially fails, retries, or resumes. Good code makes those assumptions inspectable. Bad code leaves them implicit and turns correctness into luck."
SYM-032,Performance and scale behavior are intentional,"Load handling, hot paths, optimization choices, and scalability are shaped deliberately so the system continues to behave predictably as demand grows without spreading complexity unnecessarily.","Performance quality is not just about making code fast. It is about knowing where speed, latency, memory, throughput, or contention actually matter and making explicit tradeoffs that preserve maintainability while meeting real constraints. Backpressure and load behavior, identifiable hot paths, explicit performance tradeoffs, and scalability all belong together because they describe whether the system has an intentional story for growth and stress.

Strong signs include identified critical paths, bounded queues or clear overload behavior, optimizations tied to real measurements or known constraints, and designs that allow traffic, data volume, or feature growth without forcing unrelated parts of the codebase to become more complex. Weak signs include speculative micro-optimizations, no visible plan for overload, slow dependencies allowed to fan out without control, and architecture that appears fine at small scale but would require broad redesign as usage grows.

The educational point is that scalable design is as much about preserving local simplicity as it is about raw capacity. Review this symptom by asking whether the change reveals where performance matters, states the tradeoffs honestly, and keeps growth from turning into systemic fragility. A weak result here means the code may work today but accumulates hidden risk under load, in large datasets, or as the system evolves."
SYM-033,Blast radius is predictable,"The likely impact of changing a rule, dependency, schema, or interface is limited and understandable.","Predictable blast radius means contributors can estimate what else may break when a rule, schema, or dependency changes. This supports safer review, testing, and rollout planning. In review, this is about changeability at module, boundary, and architectural level rather than only about local cleanliness. Strong signals are explicit dependencies, narrow interfaces, coherent module ownership, and boundaries that reflect real responsibilities in the system. Weak signals are reach-through access, policy mixed with mechanism, accidental framework-driven structure, and changes that would force broad unrelated edits. The educational point is that design quality shows up most clearly when requirements evolve or when one part of the system fails. For this specific symptom, the reviewer should ask whether the change makes 'Blast radius is predictable' easier to see and rely on, or whether it makes the surrounding code more ambiguous. A good detail line here should help a future reviewer explain not only what this symptom means, but also why its absence raises maintenance cost, defect risk, or review uncertainty."
SYM-034,Incremental evolution is supported,The structure allows change in small safe steps rather than demanding broad rewrites for modest improvements.,"Healthy architecture supports small, reversible steps. If every improvement requires sweeping edits, the system becomes resistant to repair and modernization. In review, this is about changeability at module, boundary, and architectural level rather than only about local cleanliness. Strong signals are explicit dependencies, narrow interfaces, coherent module ownership, and boundaries that reflect real responsibilities in the system. Weak signals are reach-through access, policy mixed with mechanism, accidental framework-driven structure, and changes that would force broad unrelated edits. The educational point is that design quality shows up most clearly when requirements evolve or when one part of the system fails. For this specific symptom, the reviewer should ask whether the change makes 'Incremental evolution is supported' easier to see and rely on, or whether it makes the surrounding code more ambiguous. A good detail line here should help a future reviewer explain not only what this symptom means, but also why its absence raises maintenance cost, defect risk, or review uncertainty."
SYM-035,Extension points are deliberate,The system has explicit seams for likely variation instead of forcing invasive modification for every new need.,"Extension points should exist where variation is likely and stable enough to justify a seam. They should not require invasive surgery for every new behavior, nor sprawl prematurely across the design. In review, this is about changeability at module, boundary, and architectural level rather than only about local cleanliness. Strong signals are explicit dependencies, narrow interfaces, coherent module ownership, and boundaries that reflect real responsibilities in the system. Weak signals are reach-through access, policy mixed with mechanism, accidental framework-driven structure, and changes that would force broad unrelated edits. The educational point is that design quality shows up most clearly when requirements evolve or when one part of the system fails. For this specific symptom, the reviewer should ask whether the change makes 'Extension points are deliberate' easier to see and rely on, or whether it makes the surrounding code more ambiguous. A good detail line here should help a future reviewer explain not only what this symptom means, but also why its absence raises maintenance cost, defect risk, or review uncertainty."
SYM-036,Deletion is easy,"Dead code, outdated paths, and obsolete abstractions can be removed without fear of hidden dependency mines.","Deletion is a sign of design health. If obsolete code can be removed with confidence, the boundaries and dependencies are probably visible; if not, hidden coupling is likely too high. In review, this is about changeability at module, boundary, and architectural level rather than only about local cleanliness. Strong signals are explicit dependencies, narrow interfaces, coherent module ownership, and boundaries that reflect real responsibilities in the system. Weak signals are reach-through access, policy mixed with mechanism, accidental framework-driven structure, and changes that would force broad unrelated edits. The educational point is that design quality shows up most clearly when requirements evolve or when one part of the system fails. For this specific symptom, the reviewer should ask whether the change makes 'Deletion is easy' easier to see and rely on, or whether it makes the surrounding code more ambiguous. A good detail line here should help a future reviewer explain not only what this symptom means, but also why its absence raises maintenance cost, defect risk, or review uncertainty."
SYM-037,"Tests encode behavior, not implementation trivia",Tests describe externally meaningful promises rather than internal structure that should be free to change.,"Tests should protect behavior users and maintainers actually care about. Over-coupling tests to implementation detail makes refactoring expensive without increasing real confidence. In review, this is about whether the codebase contains durable evidence for the behaviors it claims to protect. Strong signals are tests that map to meaningful invariants, cover important failure modes, and remain stable under refactoring. Weak signals are flaky tests, over-mocking, unreadable setup, or evidence that only checks implementation trivia rather than user-visible promises. The educational point is that tests are part of the design because they define what the system intends never to break. For this specific symptom, the reviewer should ask whether the change makes 'Tests encode behavior, not implementation trivia' easier to see and rely on, or whether it makes the surrounding code more ambiguous. A good detail line here should help a future reviewer explain not only what this symptom means, but also why its absence raises maintenance cost, defect risk, or review uncertainty."
SYM-038,Important invariants are tested,"Each important rule, guarantee, or failure mode has at least one test that would fail if the guarantee broke.","Important guarantees deserve direct evidence. The stronger the promise, the more the codebase should contain a test or check that would visibly fail if that promise stopped being true. In review, this is about whether the codebase contains durable evidence for the behaviors it claims to protect. Strong signals are tests that map to meaningful invariants, cover important failure modes, and remain stable under refactoring. Weak signals are flaky tests, over-mocking, unreadable setup, or evidence that only checks implementation trivia rather than user-visible promises. The educational point is that tests are part of the design because they define what the system intends never to break. For this specific symptom, the reviewer should ask whether the change makes 'Important invariants are tested' easier to see and rely on, or whether it makes the surrounding code more ambiguous. A good detail line here should help a future reviewer explain not only what this symptom means, but also why its absence raises maintenance cost, defect risk, or review uncertainty."
SYM-039,Happy and unhappy paths are both tested,"Negative cases, edge cases, and misuse paths are intentionally exercised rather than left implicit.","Most failures do not happen on the ideal path. Good test suites make invalid input, edge cases, dependency errors, and misuse behavior explicit rather than assuming the happy path tells the whole story. In review, this is about whether the codebase contains durable evidence for the behaviors it claims to protect. Strong signals are tests that map to meaningful invariants, cover important failure modes, and remain stable under refactoring. Weak signals are flaky tests, over-mocking, unreadable setup, or evidence that only checks implementation trivia rather than user-visible promises. The educational point is that tests are part of the design because they define what the system intends never to break. For this specific symptom, the reviewer should ask whether the change makes 'Happy and unhappy paths are both tested' easier to see and rely on, or whether it makes the surrounding code more ambiguous. A good detail line here should help a future reviewer explain not only what this symptom means, but also why its absence raises maintenance cost, defect risk, or review uncertainty."
SYM-040,Integration points are exercised realistically,"At least some tests cover real wiring between modules, adapters, and system boundaries.","Integration tests prove that individually sensible parts still work together when wiring, serialization, configuration, and infrastructure boundaries are involved. They catch a different class of defect than unit tests. In review, this is about whether the codebase contains durable evidence for the behaviors it claims to protect. Strong signals are tests that map to meaningful invariants, cover important failure modes, and remain stable under refactoring. Weak signals are flaky tests, over-mocking, unreadable setup, or evidence that only checks implementation trivia rather than user-visible promises. The educational point is that tests are part of the design because they define what the system intends never to break. For this specific symptom, the reviewer should ask whether the change makes 'Integration points are exercised realistically' easier to see and rely on, or whether it makes the surrounding code more ambiguous. A good detail line here should help a future reviewer explain not only what this symptom means, but also why its absence raises maintenance cost, defect risk, or review uncertainty."
SYM-041,Tests are deterministic,"Test outcomes do not depend on timing luck, ordering accidents, external state, or flaky infrastructure.","Deterministic tests support trust in automation. Flaky tests train teams to ignore signals and make reviewers less willing to use the suite as evidence. In review, this is about whether the codebase contains durable evidence for the behaviors it claims to protect. Strong signals are tests that map to meaningful invariants, cover important failure modes, and remain stable under refactoring. Weak signals are flaky tests, over-mocking, unreadable setup, or evidence that only checks implementation trivia rather than user-visible promises. The educational point is that tests are part of the design because they define what the system intends never to break. For this specific symptom, the reviewer should ask whether the change makes 'Tests are deterministic' easier to see and rely on, or whether it makes the surrounding code more ambiguous. A good detail line here should help a future reviewer explain not only what this symptom means, but also why its absence raises maintenance cost, defect risk, or review uncertainty."
SYM-042,Tests are readable,A reviewer can tell what behavior a test protects and why it matters.,"Readable tests act as executable documentation for behavior. A reviewer should be able to see what scenario is being protected, what outcome matters, and why that outcome is significant. In review, this is about whether the codebase contains durable evidence for the behaviors it claims to protect. Strong signals are tests that map to meaningful invariants, cover important failure modes, and remain stable under refactoring. Weak signals are flaky tests, over-mocking, unreadable setup, or evidence that only checks implementation trivia rather than user-visible promises. The educational point is that tests are part of the design because they define what the system intends never to break. For this specific symptom, the reviewer should ask whether the change makes 'Tests are readable' easier to see and rely on, or whether it makes the surrounding code more ambiguous. A good detail line here should help a future reviewer explain not only what this symptom means, but also why its absence raises maintenance cost, defect risk, or review uncertainty."
SYM-043,Test setup is cheap to understand,"Creating the conditions for a test does not require navigating a maze of fixtures, mocks, or magical helpers.","Complicated fixtures and magical helpers obscure the actual behavior under test. Good test setup makes the relevant preconditions easy to see and minimizes incidental ceremony. In review, this is about whether the codebase contains durable evidence for the behaviors it claims to protect. Strong signals are tests that map to meaningful invariants, cover important failure modes, and remain stable under refactoring. Weak signals are flaky tests, over-mocking, unreadable setup, or evidence that only checks implementation trivia rather than user-visible promises. The educational point is that tests are part of the design because they define what the system intends never to break. For this specific symptom, the reviewer should ask whether the change makes 'Test setup is cheap to understand' easier to see and rely on, or whether it makes the surrounding code more ambiguous. A good detail line here should help a future reviewer explain not only what this symptom means, but also why its absence raises maintenance cost, defect risk, or review uncertainty."
SYM-044,Over-mocking is avoided,Tests do not become brittle by asserting every internal interaction instead of meaningful outcomes.,"Mocking should isolate external concerns without turning tests into scripts of internal implementation steps. Over-mocking makes refactors painful and can create false confidence in brittle designs. In review, this is about whether the codebase contains durable evidence for the behaviors it claims to protect. Strong signals are tests that map to meaningful invariants, cover important failure modes, and remain stable under refactoring. Weak signals are flaky tests, over-mocking, unreadable setup, or evidence that only checks implementation trivia rather than user-visible promises. The educational point is that tests are part of the design because they define what the system intends never to break. For this specific symptom, the reviewer should ask whether the change makes 'Over-mocking is avoided' easier to see and rely on, or whether it makes the surrounding code more ambiguous. A good detail line here should help a future reviewer explain not only what this symptom means, but also why its absence raises maintenance cost, defect risk, or review uncertainty."
SYM-045,Regression evidence exists,Changed behavior is backed by tests or checks that prove the intended effect and protect against relapse.,"A system learns from failure when regressions become tests, checks, or other durable evidence. That creates a memory of past mistakes inside the codebase rather than inside individual people. In review, this is about whether the codebase contains durable evidence for the behaviors it claims to protect. Strong signals are tests that map to meaningful invariants, cover important failure modes, and remain stable under refactoring. Weak signals are flaky tests, over-mocking, unreadable setup, or evidence that only checks implementation trivia rather than user-visible promises. The educational point is that tests are part of the design because they define what the system intends never to break. For this specific symptom, the reviewer should ask whether the change makes 'Regression evidence exists' easier to see and rely on, or whether it makes the surrounding code more ambiguous. A good detail line here should help a future reviewer explain not only what this symptom means, but also why its absence raises maintenance cost, defect risk, or review uncertainty."
SYM-046,Manual-only verification is minimized,Important correctness claims are not left resting on ad hoc human checking when they could be mechanized.,"When verification can be automated, leaving it manual usually lowers repeatability and increases review burden. Manual checking still has a place, but high-value correctness claims should not depend on memory and patience alone. In review, this is about whether the codebase contains durable evidence for the behaviors it claims to protect. Strong signals are tests that map to meaningful invariants, cover important failure modes, and remain stable under refactoring. Weak signals are flaky tests, over-mocking, unreadable setup, or evidence that only checks implementation trivia rather than user-visible promises. The educational point is that tests are part of the design because they define what the system intends never to break. For this specific symptom, the reviewer should ask whether the change makes 'Manual-only verification is minimized' easier to see and rely on, or whether it makes the surrounding code more ambiguous. A good detail line here should help a future reviewer explain not only what this symptom means, but also why its absence raises maintenance cost, defect risk, or review uncertainty."
SYM-047,Local conventions are consistent across the codebase,"Similar problems are solved with the same naming, structure, documentation, and cross-cutting conventions so that a reviewer sees one coherent local style instead of competing patterns.","A healthy codebase develops a recognizable local grammar. Similar modules, APIs, and features should tend to use the same naming style, the same documentation habits, the same broad structural patterns, and the same conventions for repeated concerns such as validation, logging, tracing, auth, or typing. This does not mean every line must look identical. It means contributors should not repeatedly encounter multiple equally valid local dialects for the same kind of problem.

Strong signs include stable naming conventions, repeated solutions to repeated problems, alignment between code, tests, and documentation, and cross-cutting concerns handled through familiar patterns. Weak signs include several competing local styles for the same task, docs that teach one behavior while code implements another, inconsistent naming for the same concept, and ad hoc handling of recurring concerns depending on who last touched the file.

This symptom matters because consistency reduces cognitive load and improves review accuracy. When the codebase has one local grammar, readers can transfer understanding from one area to another. When it has many, every new file becomes a relearning exercise and defects hide in the gaps between styles. This row is about local coherence across repeated practices. Whole-system product coherence remains a separate concern."
SYM-048,Reviewers do not need tribal memory,Correctness does not depend heavily on undocumented norms that only long-time contributors know.,"Tribal knowledge is a hidden dependency. Good code and supporting artifacts expose the rules that matter so correctness does not depend on who happens to review the change. In review, this is about whether the codebase behaves like one system instead of a collection of local habits. Strong signals are repeated solutions to repeated problems, stable naming and error semantics, and cross-cutting concerns that follow shared rules. Weak signals are multiple local styles for the same problem, contradictory artifacts, and correctness that depends on knowing tribal lore. The educational point is that consistency reduces cognitive load and makes local review findings more trustworthy. For this specific symptom, the reviewer should ask whether the change makes 'Reviewers do not need tribal memory' easier to see and rely on, or whether it makes the surrounding code more ambiguous. A good detail line here should help a future reviewer explain not only what this symptom means, but also why its absence raises maintenance cost, defect risk, or review uncertainty."
SYM-049,Logs are structured and useful,Production logs carry useful context and machine-readable shape instead of noise or free-form guessing text.,"Useful logs capture enough structured context to support diagnosis and correlation without forcing operators to parse prose. They should help answer what happened, where, and under which identifiers or conditions. In review, this is about whether the running system will be diagnosable and truthful once it leaves the developer's machine. Strong signals are structured telemetry, useful identifiers, protected sensitive data, and runtime signals that reflect the system's real ability to do work. Weak signals are prose-only logging, noisy or incomplete diagnostics, superficial health checks, and missing visibility on critical paths. The educational point is that maintainability includes the ability to understand production behavior, not just source code structure. For this specific symptom, the reviewer should ask whether the change makes 'Logs are structured and useful' easier to see and rely on, or whether it makes the surrounding code more ambiguous. A good detail line here should help a future reviewer explain not only what this symptom means, but also why its absence raises maintenance cost, defect risk, or review uncertainty."
SYM-050,Diagnostics preserve signal,"Errors, traces, and metrics contain enough information to diagnose failures without drowning operators in clutter.","Diagnostics should preserve the information needed to understand failures, especially causal context, identifiers, and meaningful error boundaries. Too little signal and too much noise are both costly. In review, this is about whether the running system will be diagnosable and truthful once it leaves the developer's machine. Strong signals are structured telemetry, useful identifiers, protected sensitive data, and runtime signals that reflect the system's real ability to do work. Weak signals are prose-only logging, noisy or incomplete diagnostics, superficial health checks, and missing visibility on critical paths. The educational point is that maintainability includes the ability to understand production behavior, not just source code structure. For this specific symptom, the reviewer should ask whether the change makes 'Diagnostics preserve signal' easier to see and rely on, or whether it makes the surrounding code more ambiguous. A good detail line here should help a future reviewer explain not only what this symptom means, but also why its absence raises maintenance cost, defect risk, or review uncertainty."
SYM-051,Sensitive data is protected in telemetry,"Logs, traces, and messages do not leak secrets, private data, or unsafe internal detail.","Telemetry is part of the system's attack and privacy surface. Review should check that logs, traces, and errors do not expose credentials, personal data, or other sensitive internal detail. In review, this is about whether the running system will be diagnosable and truthful once it leaves the developer's machine. Strong signals are structured telemetry, useful identifiers, protected sensitive data, and runtime signals that reflect the system's real ability to do work. Weak signals are prose-only logging, noisy or incomplete diagnostics, superficial health checks, and missing visibility on critical paths. The educational point is that maintainability includes the ability to understand production behavior, not just source code structure. For this specific symptom, the reviewer should ask whether the change makes 'Sensitive data is protected in telemetry' easier to see and rely on, or whether it makes the surrounding code more ambiguous. A good detail line here should help a future reviewer explain not only what this symptom means, but also why its absence raises maintenance cost, defect risk, or review uncertainty."
SYM-052,Health signals reflect real health,Health endpoints and readiness checks reflect whether the service can actually perform its role.,"A health signal is only valuable if it reflects real ability to do useful work. Superficial liveness checks can create false confidence while critical dependencies are broken. In review, this is about whether the running system will be diagnosable and truthful once it leaves the developer's machine. Strong signals are structured telemetry, useful identifiers, protected sensitive data, and runtime signals that reflect the system's real ability to do work. Weak signals are prose-only logging, noisy or incomplete diagnostics, superficial health checks, and missing visibility on critical paths. The educational point is that maintainability includes the ability to understand production behavior, not just source code structure. For this specific symptom, the reviewer should ask whether the change makes 'Health signals reflect real health' easier to see and rely on, or whether it makes the surrounding code more ambiguous. A good detail line here should help a future reviewer explain not only what this symptom means, but also why its absence raises maintenance cost, defect risk, or review uncertainty."
SYM-053,Observability matches critical paths,The system emits signals around the behaviors that matter most to users and operators.,"Observability should follow user and operator pain, not just implementation convenience. Important journeys, failure modes, and bottlenecks should leave visible traces in the system's signals. In review, this is about whether the running system will be diagnosable and truthful once it leaves the developer's machine. Strong signals are structured telemetry, useful identifiers, protected sensitive data, and runtime signals that reflect the system's real ability to do work. Weak signals are prose-only logging, noisy or incomplete diagnostics, superficial health checks, and missing visibility on critical paths. The educational point is that maintainability includes the ability to understand production behavior, not just source code structure. For this specific symptom, the reviewer should ask whether the change makes 'Observability matches critical paths' easier to see and rely on, or whether it makes the surrounding code more ambiguous. A good detail line here should help a future reviewer explain not only what this symptom means, but also why its absence raises maintenance cost, defect risk, or review uncertainty."
SYM-054,Security boundaries are explicit,"Trust levels, privilege transitions, and sensitive operations are visible in the design and code paths.","Security boundaries separate trust zones, privileges, and sensitive operations. Maintainable secure code makes these boundaries explicit so reviewers can see where stronger checks are required. In review, this is about how the code treats trust, privilege, secrets, and untrusted input. Strong signals are explicit trust boundaries, least privilege, safe defaults, and data handling that is minimal and auditable. Weak signals are embedded credentials, casual exposure of sensitive data, weak validation, and code paths whose security depends on convention rather than structure. The educational point is that secure design is part of normal code quality because unsafe code is inherently harder to change and reason about. For this specific symptom, the reviewer should ask whether the change makes 'Security boundaries are explicit' easier to see and rely on, or whether it makes the surrounding code more ambiguous. A good detail line here should help a future reviewer explain not only what this symptom means, but also why its absence raises maintenance cost, defect risk, or review uncertainty."
SYM-055,Least privilege is followed,"Code, services, and components operate with the minimum permissions they need.","Least privilege limits the damage of mistakes and compromise. Components should receive only the access they need, and reviewers should be able to see that access decisions are deliberate. In review, this is about how the code treats trust, privilege, secrets, and untrusted input. Strong signals are explicit trust boundaries, least privilege, safe defaults, and data handling that is minimal and auditable. Weak signals are embedded credentials, casual exposure of sensitive data, weak validation, and code paths whose security depends on convention rather than structure. The educational point is that secure design is part of normal code quality because unsafe code is inherently harder to change and reason about. For this specific symptom, the reviewer should ask whether the change makes 'Least privilege is followed' easier to see and rely on, or whether it makes the surrounding code more ambiguous. A good detail line here should help a future reviewer explain not only what this symptom means, but also why its absence raises maintenance cost, defect risk, or review uncertainty."
SYM-056,Secrets are not embedded,"Credentials, tokens, keys, and sensitive configuration are not hard-coded into source or artifacts.","Secrets in source tend to spread into history, logs, screenshots, and local clones. Good systems externalize secrets and handle them through safer configuration and secret-management mechanisms. In review, this is about how the code treats trust, privilege, secrets, and untrusted input. Strong signals are explicit trust boundaries, least privilege, safe defaults, and data handling that is minimal and auditable. Weak signals are embedded credentials, casual exposure of sensitive data, weak validation, and code paths whose security depends on convention rather than structure. The educational point is that secure design is part of normal code quality because unsafe code is inherently harder to change and reason about. For this specific symptom, the reviewer should ask whether the change makes 'Secrets are not embedded' easier to see and rely on, or whether it makes the surrounding code more ambiguous. A good detail line here should help a future reviewer explain not only what this symptom means, but also why its absence raises maintenance cost, defect risk, or review uncertainty."
SYM-057,Data exposure is minimized,"The system only collects, stores, returns, and retains what is needed for its legitimate purpose.","Data minimization reduces security, privacy, and maintenance cost. Keeping only the data the system needs lowers exposure and makes compliance and deletion easier. In review, this is about how the code treats trust, privilege, secrets, and untrusted input. Strong signals are explicit trust boundaries, least privilege, safe defaults, and data handling that is minimal and auditable. Weak signals are embedded credentials, casual exposure of sensitive data, weak validation, and code paths whose security depends on convention rather than structure. The educational point is that secure design is part of normal code quality because unsafe code is inherently harder to change and reason about. For this specific symptom, the reviewer should ask whether the change makes 'Data exposure is minimized' easier to see and rely on, or whether it makes the surrounding code more ambiguous. A good detail line here should help a future reviewer explain not only what this symptom means, but also why its absence raises maintenance cost, defect risk, or review uncertainty."
SYM-058,Sensitive actions are auditable,Important security or privacy-relevant events can be traced after the fact.,"Auditability matters when actions affect security, money, privacy, or trust. The code should leave enough evidence to reconstruct what happened and who or what triggered it. In review, this is about how the code treats trust, privilege, secrets, and untrusted input. Strong signals are explicit trust boundaries, least privilege, safe defaults, and data handling that is minimal and auditable. Weak signals are embedded credentials, casual exposure of sensitive data, weak validation, and code paths whose security depends on convention rather than structure. The educational point is that secure design is part of normal code quality because unsafe code is inherently harder to change and reason about. For this specific symptom, the reviewer should ask whether the change makes 'Sensitive actions are auditable' easier to see and rely on, or whether it makes the surrounding code more ambiguous. A good detail line here should help a future reviewer explain not only what this symptom means, but also why its absence raises maintenance cost, defect risk, or review uncertainty."
SYM-059,Unsafe defaults are avoided,"The easiest path through the code does not accidentally produce insecure, destructive, or privacy-harming behavior.","Defaults shape the behavior most users and maintainers will get. Safe defaults make the easiest path the least dangerous one, especially for destructive, public, or security-sensitive features. In review, this is about how the code treats trust, privilege, secrets, and untrusted input. Strong signals are explicit trust boundaries, least privilege, safe defaults, and data handling that is minimal and auditable. Weak signals are embedded credentials, casual exposure of sensitive data, weak validation, and code paths whose security depends on convention rather than structure. The educational point is that secure design is part of normal code quality because unsafe code is inherently harder to change and reason about. For this specific symptom, the reviewer should ask whether the change makes 'Unsafe defaults are avoided' easier to see and rely on, or whether it makes the surrounding code more ambiguous. A good detail line here should help a future reviewer explain not only what this symptom means, but also why its absence raises maintenance cost, defect risk, or review uncertainty."
SYM-060,Accessibility is considered in user-facing paths,"User-visible outputs, flows, and interfaces do not casually exclude people through avoidable design choices.","Accessibility review checks whether user-facing behavior excludes people through avoidable assumptions about perception, input method, timing, wording, or semantics. It is part of product quality, not just visual polish. In review, this is about whether quality is defined broadly enough to include the people who must use, read, or depend on the system. Strong signals are wording and behavior that are precise, respectful, and accessible without unnecessary assumptions. Weak signals are exclusionary terminology, user-facing flows that presume one kind of user, or semantics that make correct use harder for part of the audience. The educational point is that maintainable systems do not externalize avoidable difficulty onto users. For this specific symptom, the reviewer should ask whether the change makes 'Accessibility is considered in user-facing paths' easier to see and rely on, or whether it makes the surrounding code more ambiguous. A good detail line here should help a future reviewer explain not only what this symptom means, but also why its absence raises maintenance cost, defect risk, or review uncertainty."
SYM-061,Inclusive language is used,"Naming, docs, messages, and user-facing outputs avoid unnecessary exclusionary or misleading language.","Inclusive language avoids unnecessary exclusion or harmful ambiguity in names, docs, and user-facing messages. It also improves clarity by choosing precise and respectful terms. In review, this is about whether quality is defined broadly enough to include the people who must use, read, or depend on the system. Strong signals are wording and behavior that are precise, respectful, and accessible without unnecessary assumptions. Weak signals are exclusionary terminology, user-facing flows that presume one kind of user, or semantics that make correct use harder for part of the audience. The educational point is that maintainable systems do not externalize avoidable difficulty onto users. For this specific symptom, the reviewer should ask whether the change makes 'Inclusive language is used' easier to see and rely on, or whether it makes the surrounding code more ambiguous. A good detail line here should help a future reviewer explain not only what this symptom means, but also why its absence raises maintenance cost, defect risk, or review uncertainty."
SYM-062,Evidence backs correctness claims,"Assertions that something works are supported by checks, tests, logs, traces, commands, or measurable evidence.","Claims about correctness should be backed by something inspectable: tests, checks, metrics, logs, traces, or reproducible commands. Evidence lowers the amount of trust a reviewer must supply personally. In review, this is about whether the codebase makes its own reasoning inspectable from evidence, boundaries, and structural cues. Strong signals are explicit assumptions, discoverable architectural intent, stable ownership, and interfaces that preserve domain meaning across boundaries. Weak signals are hidden sources of truth, accidental drift, undocumented structural constraints, and claims that rely on personal trust instead of inspectable proof. The educational point is that a codebase should teach maintainers how it is meant to work, not force them to rediscover that from history. For this specific symptom, the reviewer should ask whether the change makes 'Evidence backs correctness claims' easier to see and rely on, or whether it makes the surrounding code more ambiguous. A good detail line here should help a future reviewer explain not only what this symptom means, but also why its absence raises maintenance cost, defect risk, or review uncertainty."
SYM-063,"Assumptions, intent, and structural decisions are explicit","The code and its surrounding artifacts make assumptions, change intent, and important architectural decisions visible enough that reviewers and future maintainers do not have to reconstruct them from guesswork.","Software becomes expensive to maintain when key reasoning is trapped in someone's head or in an old conversation. Labeling assumptions, making change intent reviewable, and surfacing architectural decisions belong together because they all reduce invisible policy. They help a reviewer answer three basic questions: what does this change assume, what is it trying to accomplish, and what larger structural choice does it depend on or introduce.

Strong signs include explicit notes where assumptions materially affect correctness, commit or change context that explains why a shape was chosen, and discoverable records or code-level signals for decisions that constrain later design. Weak signs include code that only makes sense if the reader already knows unstated operational facts, structural changes with no visible rationale, and diffs that provide no clue which behavior is being protected or traded away.

This symptom matters because clarity of reasoning is part of maintainability. Future reviewers should not be forced to infer every hidden premise from implementation details alone. Review this lens by asking whether the change teaches the next engineer how to reason about it, or whether it hides assumptions and design intent behind local code that only appears obvious right now."
SYM-064,Architectural integrity is preserved across domains and interfaces,"The architecture keeps a clear organizing principle, respects domain boundaries, preserves intent across APIs and integrations, resists drift, enforces system-wide rules structurally, and remains organized around domain meaning rather than utility sprawl.","Architectural integrity is the property that lets a large system still feel like one designed thing instead of a pile of locally reasonable edits. A clear center of gravity, respected bounded contexts, intent-preserving APIs, stable integration contracts, resistance to drift, structural enforcement of system-wide rules, and organization around domain rules all belong to one lens because they determine whether the architecture keeps teaching the same story as the codebase grows.

Strong signs include an obvious organizing principle for where behavior belongs; domain concepts that stay within their own context unless explicitly translated; APIs and service boundaries that expose business meaning instead of database or transport leakage; integrations that remain stable unless a real contract change has occurred; conventions enforced through types, tests, generators, templates, or architecture rather than mere style guidance; and code organization dominated by capabilities and domain rules rather than a sprawling helper layer. Weak signs include context leakage, adapters that expose storage detail as public contract, recurring structural exceptions, silent erosion of intended layering, and utility modules that become the real center of gravity of the system.

This symptom matters because architecture usually fails gradually. A single change rarely destroys it, but many small changes can make the structure stop reflecting the domain. Review this lens by asking whether the change strengthens or weakens the long-running integrity of the system's organizing principles and interface boundaries. A poor score here suggests that local convenience is winning over architectural coherence."
SYM-065,Data ownership is clear,It is obvious which component or service is authoritative for a given piece of data or business rule.,"Clear data ownership prevents competing sources of truth. Reviewers should be able to tell which component governs a datum or rule and which others merely consume or replicate it. In review, this is about whether the codebase makes its own reasoning inspectable from evidence, boundaries, and structural cues. Strong signals are explicit assumptions, discoverable architectural intent, stable ownership, and interfaces that preserve domain meaning across boundaries. Weak signals are hidden sources of truth, accidental drift, undocumented structural constraints, and claims that rely on personal trust instead of inspectable proof. The educational point is that a codebase should teach maintainers how it is meant to work, not force them to rediscover that from history. For this specific symptom, the reviewer should ask whether the change makes 'Data ownership is clear' easier to see and rely on, or whether it makes the surrounding code more ambiguous. A good detail line here should help a future reviewer explain not only what this symptom means, but also why its absence raises maintenance cost, defect risk, or review uncertainty."
SYM-066,The system is resilient to partial failure,"Dependency failure, timeout, bad input, and degraded subsystems do not cause disproportionate collapse.","Partial failure resilience means the system can degrade, retry, isolate, or recover without turning every dependency issue into a full outage or corrupt state. This is both an architectural and code-level quality concern. In review, this is about whether the system can survive evolution, skew, retries, failures, and operational reality without losing coherence. Strong signals are deliberate recovery stories, compatibility-aware boundaries, reproducible delivery, navigable structure, and interfaces that make correct use easier than misuse. Weak signals are brittle migrations, unexamined version skew, hidden build assumptions, and local shortcuts that quietly increase long-term coupling. The educational point is that maintainability is proven over time, especially when the system is under stress or in transition. For this specific symptom, the reviewer should ask whether the change makes 'The system is resilient to partial failure' easier to see and rely on, or whether it makes the surrounding code more ambiguous. A good detail line here should help a future reviewer explain not only what this symptom means, but also why its absence raises maintenance cost, defect risk, or review uncertainty."
SYM-067,Recovery paths are intentional,"Restart, retry, replay, rollback, and repair stories exist where the domain requires them.","Recovery paths are part of maintainability because broken systems must be repairable. Review should ask whether replay, rollback, retry, restart, or manual recovery are possible where the domain needs them. In review, this is about whether the system can survive evolution, skew, retries, failures, and operational reality without losing coherence. Strong signals are deliberate recovery stories, compatibility-aware boundaries, reproducible delivery, navigable structure, and interfaces that make correct use easier than misuse. Weak signals are brittle migrations, unexamined version skew, hidden build assumptions, and local shortcuts that quietly increase long-term coupling. The educational point is that maintainability is proven over time, especially when the system is under stress or in transition. For this specific symptom, the reviewer should ask whether the change makes 'Recovery paths are intentional' easier to see and rely on, or whether it makes the surrounding code more ambiguous. A good detail line here should help a future reviewer explain not only what this symptom means, but also why its absence raises maintenance cost, defect risk, or review uncertainty."
SYM-068,Data migrations are survivable,Schema and data evolution are designed to happen safely across versions and deployments.,"Safe migration design matters wherever data schemas, state machines, or distributed contracts evolve over time. A maintainable system can move from old to new without trapping operators in unsafe all-at-once transitions. In review, this is about whether the system can survive evolution, skew, retries, failures, and operational reality without losing coherence. Strong signals are deliberate recovery stories, compatibility-aware boundaries, reproducible delivery, navigable structure, and interfaces that make correct use easier than misuse. Weak signals are brittle migrations, unexamined version skew, hidden build assumptions, and local shortcuts that quietly increase long-term coupling. The educational point is that maintainability is proven over time, especially when the system is under stress or in transition. For this specific symptom, the reviewer should ask whether the change makes 'Data migrations are survivable' easier to see and rely on, or whether it makes the surrounding code more ambiguous. A good detail line here should help a future reviewer explain not only what this symptom means, but also why its absence raises maintenance cost, defect risk, or review uncertainty."
SYM-069,Versioning and compatibility are understood,"The system handles evolving contracts, clients, data shapes, and deployment skew with intention.","Compatibility is a long-lived design concern in APIs, events, data formats, and deployments. Review should consider how a change behaves when old and new producers or consumers coexist. In review, this is about whether the system can survive evolution, skew, retries, failures, and operational reality without losing coherence. Strong signals are deliberate recovery stories, compatibility-aware boundaries, reproducible delivery, navigable structure, and interfaces that make correct use easier than misuse. Weak signals are brittle migrations, unexamined version skew, hidden build assumptions, and local shortcuts that quietly increase long-term coupling. The educational point is that maintainability is proven over time, especially when the system is under stress or in transition. For this specific symptom, the reviewer should ask whether the change makes 'Versioning and compatibility are understood' easier to see and rely on, or whether it makes the surrounding code more ambiguous. A good detail line here should help a future reviewer explain not only what this symptom means, but also why its absence raises maintenance cost, defect risk, or review uncertainty."
SYM-070,Delivery mechanics and quality support the intended architecture,"Build and delivery behavior is reproducible, quality gates check meaningful risks, and tooling reinforces the architectural shape instead of undermining it.","Code quality does not end at source files. The surrounding delivery mechanics and tooling either reinforce maintainable design or quietly erode it. Reproducible build and delivery, meaningful quality gates, and tooling that supports the intended architecture belong together because they determine whether the wider development system protects the same qualities the code review is trying to preserve.

Strong signs include builds that do not depend on hidden machine-local state, automated checks that catch failures the team actually cares about, and tooling or templates that make the preferred architectural path easier than the harmful one. Weak signs include fragile build steps that only work in one shell, gates that optimize for cosmetic compliance over real risk, and tooling that nudges contributors into bypassing boundaries, copying patterns blindly, or fighting the intended module structure.

This symptom matters because maintainability is shaped by repeated daily pressure. If the toolchain rewards the wrong behavior, the architecture will drift no matter how good individual reviews are. Review this lens by asking whether the change improves or degrades the surrounding mechanics that keep code healthy, reproducible, and aligned with the system's intended design."
SYM-071,The codebase is easy to navigate and hard to misuse,"Repository shape, API design, and local structure help contributors find the right place to work, guide them toward correct usage, and make incorrect usage conspicuous or difficult.","A maintainable system should help engineers do the right thing by default. Cheap navigation, misuse-resistant design, and ease of correct use belong together because they describe whether the codebase teaches safe participation. A reader should be able to locate responsibility quickly, understand the intended path through an API or module, and notice when a usage pattern is likely wrong.

Strong signs include repository and module layouts that make likely locations easy to predict, interfaces whose shape guides callers toward valid combinations and sequences, defaults that are safe, and types or contracts that make misuse visible. Weak signs include sprawling structures where responsibility is hard to find, APIs that expose many invalid states or surprising combinations, and ""correct"" usage that requires oral tradition while the easy path does something risky or misleading.

This symptom matters because a large share of maintenance cost comes from accidental misuse and search friction, not just defects in core logic. Review this lens by asking whether the change helps the next contributor orient quickly and follow the intended path safely, or whether it adds more ways to get lost, call the wrong thing, or violate an assumption without noticing."
SYM-072,The system is easy to reason about under change,"When requirements evolve, it is obvious where to look, what to protect, and what else might be affected.","Maintainability is tested most when requirements change. Good structure helps reviewers infer where else a change may matter and which invariants are likely to be at risk. In review, this is about whether the system can survive evolution, skew, retries, failures, and operational reality without losing coherence. Strong signals are deliberate recovery stories, compatibility-aware boundaries, reproducible delivery, navigable structure, and interfaces that make correct use easier than misuse. Weak signals are brittle migrations, unexamined version skew, hidden build assumptions, and local shortcuts that quietly increase long-term coupling. The educational point is that maintainability is proven over time, especially when the system is under stress or in transition. For this specific symptom, the reviewer should ask whether the change makes 'The system is easy to reason about under change' easier to see and rely on, or whether it makes the surrounding code more ambiguous. A good detail line here should help a future reviewer explain not only what this symptom means, but also why its absence raises maintenance cost, defect risk, or review uncertainty."
SYM-073,Long-term cost is visible in local choices,Local shortcuts that create systemic maintenance debt are either rejected or explicitly acknowledged.,"Long-term cost awareness asks whether a local shortcut creates future ambiguity, coupling, or drift. Good review does not reject every shortcut, but it should make systemic cost visible and deliberate. In review, this is about whether the system can survive evolution, skew, retries, failures, and operational reality without losing coherence. Strong signals are deliberate recovery stories, compatibility-aware boundaries, reproducible delivery, navigable structure, and interfaces that make correct use easier than misuse. Weak signals are brittle migrations, unexamined version skew, hidden build assumptions, and local shortcuts that quietly increase long-term coupling. The educational point is that maintainability is proven over time, especially when the system is under stress or in transition. For this specific symptom, the reviewer should ask whether the change makes 'Long-term cost is visible in local choices' easier to see and rely on, or whether it makes the surrounding code more ambiguous. A good detail line here should help a future reviewer explain not only what this symptom means, but also why its absence raises maintenance cost, defect risk, or review uncertainty."
SYM-074,The system behaves like one coherent product,"From function semantics up to architecture, the whole system expresses a unified set of rules, patterns, and expectations rather than conflicting local micro-cultures.","Coherence means the system feels like one thing built according to one set of principles. From local functions to top-level architecture, patterns, error behavior, naming, and boundaries reinforce one another instead of competing. In review, this is about whether the system can survive evolution, skew, retries, failures, and operational reality without losing coherence. Strong signals are deliberate recovery stories, compatibility-aware boundaries, reproducible delivery, navigable structure, and interfaces that make correct use easier than misuse. Weak signals are brittle migrations, unexamined version skew, hidden build assumptions, and local shortcuts that quietly increase long-term coupling. The educational point is that maintainability is proven over time, especially when the system is under stress or in transition. For this specific symptom, the reviewer should ask whether the change makes 'The system behaves like one coherent product' easier to see and rely on, or whether it makes the surrounding code more ambiguous. A good detail line here should help a future reviewer explain not only what this symptom means, but also why its absence raises maintenance cost, defect risk, or review uncertainty."
SYM-075,Tests sit at the right level,"Behavior is verified at the cheapest test layer that can provide trustworthy evidence, rather than pushed unnecessarily into broad slow tests.","Good test suites use each layer for the kind of risk it is best suited to reduce.
Unit tests should carry small deterministic behavior checks, integration tests should prove real boundaries and wiring, end-to-end tests should protect critical journeys, and smoke tests should decide whether a build or environment is healthy enough to continue.
Strong signs include business rules covered close to the logic, infrastructure assumptions covered at integration boundaries, only high-value journeys covered end to end, and smoke checks that stay broad and shallow.
Weak signs include exhaustive UI tests for logic that could be covered cheaply, unit tests that fake away the boundary they claim to verify, broad tests used because lower-level seams are missing, and test suites whose cost grows faster than the confidence they provide.
This symptom matters because misplaced tests create either false confidence or excessive maintenance cost.
Review should ask whether the test proves the intended risk at the narrowest reliable layer."
SYM-076,Unit tests avoid physical I/O,"Unit tests verify focused behavior without touching the real filesystem, network, database, clock, or other physical/environmental resources unless that resource is the behavior under test.","A good unit test gives precise evidence about a small piece of behavior while staying fast, deterministic, and isolated.
Filesystem access should normally be abstracted behind an interface, adapter, fake, in-memory filesystem, or mock so the unit can be tested without physical I/O.
Physical filesystem access, including OS temporary files or directories, is acceptable only when the unit's behavior genuinely depends on filesystem semantics that a mock would hide, such as permissions, path handling, locking, atomic writes, symlink behavior, or real encoding and newline behavior.
Strong signs include one clear behavior per test, direct assertions about outputs or visible effects, explicit edge cases, simple setup, mocked or in-memory file access, injected clocks and randomness, and no dependency on prior test execution.
Weak signs include casual use of tmpfiles for convenience, tests that read or write ambient paths, global state leaks, real network or database access, excessive mock choreography, assertions that duplicate implementation logic, and tests of private implementation detail.
This symptom matters because unit tests should be cheap, deterministic, and safe to run constantly.
Review should ask whether any physical I/O in the unit test is essential to the behavior being proven, or whether it should be mocked, faked, or moved to an integration test."
SYM-077,Integration tests verify real boundaries,"Integration tests exercise the real seams where components, adapters, schemas, infrastructure, or configuration meet.","Integration tests should prove that separately reasonable parts still work when connected.
They are most valuable at boundaries where unit tests cannot reveal reality: persistence, migrations, serialization, queues, HTTP contracts, auth middleware, file systems, configuration, and external adapters.
Strong signs include realistic dependencies where dependency behavior matters, owned test data, disposable or isolated infrastructure, clear setup and teardown, and assertions that catch wiring, contract, or infrastructure mistakes.
Weak signs include fake integrations that cannot catch the real class of defect, shared databases with mysterious state, tests that require manual environment preparation, and broad failure surfaces that make diagnosis guesswork.
This symptom matters because many production failures happen at seams rather than inside isolated logic.
Review should ask whether the integration test exercises the boundary honestly and fails with evidence that points toward the broken seam."
SYM-078,End-to-end tests protect critical journeys,"End-to-end tests cover a small number of high-value user or system journeys through the deployed shape of the application.","End-to-end tests are expensive evidence and should be spent on flows that matter.
They should prove that critical journeys work across the system, not exhaustively retest every validation branch or internal rule through the slowest path.
Strong signs include stable user-visible selectors, independent test data, controlled external dependencies, minimal unrelated setup through the UI, and useful artifacts such as traces, screenshots, logs, or correlation identifiers when failures occur.
Weak signs include arbitrary sleeps, CSS-selector fragility, global shared accounts, ordering dependence between tests, uncontrolled third-party calls, and large UI suites that duplicate lower-level coverage.
This symptom matters because brittle end-to-end suites train teams to rerun instead of investigate.
Review should ask whether each end-to-end test protects a critical journey that is worth its cost."
SYM-079,"Smoke tests are broad, shallow, and release-gating","Smoke tests quickly determine whether a build, deployment, or environment is healthy enough for deeper testing or use.","Smoke tests are not regression suites.
They should answer whether the application starts, is reachable, is configured well enough to perform its core role, and has not obviously broken its most critical path.
Strong signs include fast checks after deployment, basic reachability, real readiness rather than superficial liveness, core dependency connectivity, safe idempotent behavior, and failure that stops more expensive pipeline stages.
Weak signs include smoke suites that take so long they become miniature regression suites, checks that only prove a process is alive while the product is unusable, tests that mutate shared state unsafely, and smoke results that are ignored by delivery.
This symptom matters because smoke tests are the pipeline's early warning system.
Review should ask whether the smoke suite is small enough to trust and meaningful enough to block waste."
SYM-080,Test data is owned and isolated,"Tests create, control, and clean up the data and state they depend on rather than relying on accidental shared conditions.","Trustworthy tests own their preconditions.
A test should not pass because a developer's machine, a shared staging database, a previous test, or a long-lived account happens to contain the expected state.
Strong signs include explicit data creation, isolated schemas or namespaces, disposable containers or fixtures, unique identifiers, rollback or cleanup, and tests that can run repeatedly or in parallel without collision.
Weak signs include dependence on magic records, shared mutable accounts, hidden ordering requirements, manual preloading, tests that only work on one machine, and data left behind that changes later outcomes.
This symptom matters because uncontrolled test data is one of the fastest ways for useful automation to become flaky noise.
Review should ask whether the test can prove the same thing from a clean starting point."
SYM-081,External dependencies are controlled in tests,"Tests bound or replace nondeterministic third-party systems so failures reflect product behavior rather than outside instability.","External systems introduce instability, cost, latency, and failure modes that may not belong in ordinary test feedback.
Payment providers, email systems, identity providers, analytics, remote APIs, clocks, random generators, and network services should be real only when the test is explicitly proving that integration.
Strong signs include sandboxed integrations, contract tests, fakes that preserve meaningful semantics, injected clocks or randomness, network boundaries that are deliberate, and clear separation between ordinary CI tests and tests that depend on live services.
Weak signs include uncontrolled calls to third-party systems, tests that fail because someone else's service was slow, real emails or payments sent by automation, and mocks that are so fake they remove the risk being tested.
This symptom matters because a test suite should identify defects, not outsource its signal to environmental luck.
Review should ask whether every external dependency in the test is either controlled or intentionally under test."
SYM-082,Test failures are diagnosable,"When tests fail, the output gives enough context to understand the broken behavior without guesswork or habitual reruns.","A good test failure should point toward the violated behavior and the scenario that produced it.
The more moving parts a test has, the more important its failure evidence becomes.
Strong signs include clear test names, specific assertions, useful assertion messages, captured logs or traces where appropriate, visible request and response details at boundaries, and artifacts for end-to-end failures.
Weak signs include vague failures such as expected true to be false, swallowed setup errors, enormous undifferentiated logs, missing screenshots or traces for UI failures, and failure messages that force the reviewer to reproduce locally before understanding anything.
This symptom matters because undiagnosable failures turn automated tests into delay rather than evidence.
Review should ask whether a failing test would help the next engineer find the likely cause."
SYM-083,Test scope matches test name and intent,"The name, setup, action, and assertions of a test all describe the same behavior at the same level of abstraction.","A test should tell one coherent story.
Its name should describe the condition and expected behavior, its setup should create only the relevant scenario, its action should exercise the behavior under review, and its assertions should check the promised outcome.
Strong signs include names that read like behavior specifications, setup that does not introduce unrelated facts, one primary reason for failure, and assertions aligned with the stated purpose.
Weak signs include vague names, tests that assert several unrelated outcomes, setup that hides the important condition, names that claim business behavior while assertions check implementation detail, and broad tests whose real purpose is impossible to summarize.
This symptom matters because unclear test intent makes review weaker and maintenance more dangerous.
Review should ask whether the test would still make sense if read as documentation of the protected behavior."
SYM-084,Unit tests mock physical boundaries,"Unit tests avoid real filesystem, network, database, clock, process, and environment access unless the physical boundary itself is the behavior under test.","Unit tests should keep physical I/O out of the feedback loop by default.
The preferred shape is to isolate the unit from operating system and infrastructure boundaries through interfaces, adapters, mocks, fakes, or in-memory substitutes.
Strong signs include mocked filesystem clients, in-memory repositories, injected environment readers, injected clocks, explicit fake process runners, and tests that can run in parallel without touching shared physical state.
Weak signs include casual OS tmpfile usage, real path assumptions, real environment variable dependence, real subprocess calls, real sockets, real databases, sleeps, and tests that fail because of machine state rather than product behavior.
Physical I/O is acceptable only when the test is explicitly proving filesystem, OS, process, or infrastructure semantics that cannot be represented faithfully by a fake.
This symptom matters because unit tests should provide immediate behavior feedback without environmental cost or flakiness.
Review should ask whether the physical boundary is genuinely the subject of the test. If not, the boundary should be mocked or the test should be reclassified as integration."

